{"flutter":{"platforms":{"android":{"default":{"projectId":"event-application-89469","appId":"1:557455482789:android:9ab99aea776c9ed7d9d24c","fileOutput":"android/app/google-services.json"}},"dart":{"lib/firebase_options.dart":{"projectId":"event-application-89469","configurations":{"android":"1:557455482789:android:9ab99aea776c9ed7d9d24c","ios":"1:557455482789:ios:668751c6a6a889edd9d24c","macos":"1:557455482789:ios:668751c6a6a889edd9d24c","web":"1:557455482789:web:bf4a965a348a740fd9d24c","windows":"1:557455482789:web:8666c7f915417923d9d24c"}}}}}}