{
  "project_info": {
    "project_number": "557455482789",
    "project_id": "event-application-89469",
    "storage_bucket": "event-application-89469.firebasestorage.app"
  },
  "client": [
    {
      "client_info": {
        "mobilesdk_app_id": "1:557455482789:android:9ab99aea776c9ed7d9d24c",
        "android_client_info": {
          "package_name": "com.example.event_app"
        }
      },
      "oauth_client": [],
      "api_key": [
        {
          "current_key": "AIzaSyA0RHwbHiUpWHX7mWcEJIMBhT273MJLvRM"
        }
      ],
      "services": {
        "appinvite_service": {
          "other_platform_oauth_client": []
        }
      }
    },
    {
      "client_info": {
        "mobilesdk_app_id": "1:557455482789:android:ad3fce97ec25878ad9d24c",
        "android_client_info": {
          "package_name": "com.example.eventapp"
        }
      },
      "oauth_client": [],
      "api_key": [
        {
          "current_key": "AIzaSyA0RHwbHiUpWHX7mWcEJIMBhT273MJLvRM"
        }
      ],
      "services": {
        "appinvite_service": {
          "other_platform_oauth_client": []
        }
      }
    }
  ],
  "configuration_version": "1"
}