{
  "project_info": {
    "project_number": "835195623873",
    "project_id": "event-app-58dd0",
    "storage_bucket": "event-app-58dd0.firebasestorage.app"
  },
  "client": [
    {
      "client_info": {
        "mobilesdk_app_id": "1:835195623873:android:922453cd35ded195163740",
        "android_client_info": {
          "package_name": "com.example.evenapp"
        }
      },
      "oauth_client": [],
      "api_key": [
        {
          "current_key": "AIzaSyCkAoQMZ4GSHfEowvS7vC_aOugGvZxQBFk"
        }
      ],
      "services": {
        "appinvite_service": {
          "other_platform_oauth_client": []
        }
      }
    }
  ],
  "configuration_version": "1"
}